Sentence 1	Sentence 2	Total score
Không giống như nhiều công ty Internet giai đoạn đầu, người ta tin Google sẽ có lãi	Các tổ chức tư nhân của Google được cho là có lợi nhuận	3.6
Sẽ an toàn khi cho rằng Thượng viện chuẩn bị thông qua một số hình thức giới hạn, King nói	an toàn của nó để giả Thượng viện sẵn sàng để vượt qua một số hình thức Mức độ của nó là để được tranh luận	3.0
Và khi được hỏi liệu anh ta có cảm thấy hối hận hay tội lỗi về cuộc tấn công không, câu trả lời của anh ta là một từ không	Khi được hỏi liệu ông cảm thấy bất kỳ hối tiếc về theOctober 12 tấn công, câu trả lời kiên quyết không	3.8
Một công ty lớn khác là Rambus Inc Nasdaq RMBS  tin tức  người, đã vượt cao hơn 32 phần trăm	Rambus Inc NASDAQ RMBS  tin tức  người tăng vọt lên 38 phần trăm, khiến nó trở thành tăng mạnh tỷ lệ lớn nhất trên sàn Nasdaq	3.0
Russ Britt là Giám đốc Văn phòng Los Angeles cho CBSMarketWatchcom	Emily Giáo Hội là London trưởng văn phòng CBSMarketWatchcom	1.8
Nếu bạn vượt qua dự luật này, Big Brother sẽ theo dõi bạn, Rep nói John Mabry, DWaco	Nếu bạn vượt qua dự luật này, Đại diện John Mabry Jr, DWaco, nói với các đồng nghiệp, Big Brother sẽ để mắt tới	4.8
Douglas Robinson, một phó chủ tịch tài chính cấp cao, sẽ đảm nhiệm vị trí giám đốc tài chính tạm thời	Douglas Robinson, phó chủ tịch cấp cao của CA, tài chính, sẽ lấp đầy vị trí trong thời gian tới	3.8
INTEL TODAY tiết lộ chi tiết về bộ xử lý XScale thế hệ tiếp theo dành cho điện thoại di động và thiết bị cầm tay tại San Jose	Intel vào hôm thứ Tư cho ra mắt bộ xử lý thế hệ mới cho điện thoại di động, PDAs, và các thiết bị không dây	3.6
Một số tiểu bang và chính phủ liên bang sau đó đã thông qua các lệnh cấm tương tự hoặc nghiêm ngặt hơn	Dưới sự chỉ dẫn của California, một số tiểu bang và chính phủ liên bang đã thông qua lệnh cấm tương tự hoặc khó khăn hơn	4.0
Tuy nhiên, ông lưu ý Miami phải quyết định có nên tìm kiếm thành viên ACC cho năm học tới vào ngày 30 tháng 6 để tuân thủ các nguyên tắc của Big East hay không	Tuy nhiên, ông lưu ý rằng Miami phải quyết định xem có nên tìm ACC thành viên ngày 30 tháng Sáu để tuân thủ nguyên tắc Big Đông	4.6
Ông từ chối tiết lộ có bao nhiêu phần trăm các chuyến bay mang theo không cảnh, hoặc liệu chúng có được tăng lên không	Ông từ chối nói bao nhiêu phần trăm chuyến bay nội địa có nhân viên an ninh trên máy bay	3.8
Doanh thu cho The Hulk thấp hơn nhiều so với phim chuyển thể của  Marvel Comics tháng trước, X2 XMen United, đã thu về 85,6 triệu đô la vào cuối tuần đầu	The Hulk kéo tháng trước Marvel Comics thích ứng, X2 XMen United, mà thu về $ 856 triệu trong tuần đầu công chiếu	4.8
Cổ phiếu của Littleton, EchoStar có trụ sở tại Colorado đã tăng 1,63 đô la, tương đương 5,3%, lên 32,26 đô la lúc 1055 sáng	Hôm thứ Hai, EchoStar DISH tin tức, biểu đồ, hồ sơ cổ phiếu sụt giảm $ 140, hoặc 4,4%, xuống còn $ 30,63	2.0
Chữ ký hợp lệ của 897158 cử tri California đã đăng ký phải được thu thập và chuyển cho các quan chức bầu cử quận vào ngày 2 tháng 9	Để buộc một cuộc bầu cử hồi của Davis, chữ ký hợp lệ của 897158 cử tri đã đăng ký California phải được bật cho các quan chức bầu cử	3.2
Chỉ số chuẩn 10 năm chúng ta định 10YTRR 1132 mất giá, chiếm cong oăn dưới 321% từ 317% vào cuối ngày thứ Hai	Hơn nữa ra đường cong, điểm chuẩn 10 năm US10YT  RR đổ 1832 giá, lấy năng suất của nó đến 3,24% từ 3,17%	2.2
MDC đã gọi cuộc đình công để buộc ông Mugabe phải từ chức hoặc đàm phán giải quyết cuộc khủng hoảng ở Zimbabwe	MDC gọi cuộc biểu tình kéo dài một tuần để đôn đốc Mugabe hoặc phải từ chức hoặc để đàm phán một giải quyết cuộc khủng hoảng nắm đất nước	4.0
Tòa phúc thẩm vòng 6 của Hoa Kỳ hôm thứ Tư đã ra phán quyết rằng một đạo luật Ohio cấm một phương pháp phá thai muộn gây tranh cãi thông qua cơ quan lập hiến và nhà nước có thể thi hành nó	Một luật Ohio mà cấm nạn phá thai muộn hạn gây nhiều tranh cãi là hiến pháp có thể chấp nhận và nhà nước có thể thực thi nó, một tòa án phúc thẩm liên bang phán quyết ngày hôm qua	4.2
Chỉ số tổng hợp Nasdaq tăng 20,59, tương đương 1,3%, lên 1616,50, sau khi tăng 5,7% vào tuần trước	Chỉ số Nasdaq Composite Index công nghệ tẩm IXIC tăng 19,11 điểm, tương đương 1,2%, đạt mức1,61502	2.0
Chỉ số tổng hợp Nasdaq tăng 20,59, tương đương 1,3%, lên 1616,50, sau khi tăng 5,7% vào tuần trước	Chỉ số Nasdaq Composite Index công nghệ tẩm IXIC tăng 19,11 điểm, tương đương 1,2%, đạt mức1,61502	2.0
Chỉ số tổng hợp Nasdaq tăng 20,59, tương đương 1,3%, lên 1616,50, sau khi tăng 5,7% vào tuần trước	Chỉ số Nasdaq Composite Index công nghệ tẩm IXIC tăng 19,11 điểm, tương đương 1,2%, đạt mức1,61502	2.0
Doanh thu tăng 3,9%, đạt 1,63 tỷ USD từ 1,57 tỷ USD	Công ty McLean, Virginia cho biết doanh thu báo tăng 5 phần trăm đạt mức $ 1,46 tỷ	1.2
Vào tháng 1 năm 2000, máy tính xách tay chiếm chưa đến 25% khối lượng bán hàng	Cuộc so sánh với tháng giêng năm 2000, khi máy tính xách tay đại diện cho ít hơn 25% doanh số bán hàng, theo tập đoàn NPD	4.0
Guillermo Coria quốc tịch Argentina và Martin Verkerk quốc tịch Hà Lan ở nửa bên kia	Các trận bán kết khác giữa Guillermo Coria của Argentina và Martin Verkerk của Hà Lan cũng là hấp dẫn	3.0
Chỉ số tổng hợp Nasdaq tăng 19,67, tương đương 1,3%, lên 1523,71, cao nhất kể từ ngày 18 tháng 6	Chỉ số S  P 500 đã tăng 16% từ tháng thấp và ngày hôm qua của nó đóng cửa ở mức cao nhất kể từ ngày 02 tháng mười hai	0.8
Tôi có thể nói gì với bạn ông nói với một đám đông tại một nghĩa trang với hàng ngàn viên đá, nhiều trong số chúng đánh dấu các ngôi mộ của cả gia đình	Ông Powell nói với một đám đông tại một nghĩa trang với một ngàn bia mộ, nhiều trong số họ đánh dấu ngôi mộ của toàn bộ gia đình	2.8
Họ nói rằng họ đã kết luận rằng bộ phim đã thất bại thể hiện một vai diễn cân bằng của Reagans	CBS cho biết chương trình không trình bày một vai cân bằng của Reagans cho CBS cùng khán giả của mình	3.0
Chúng tôi sẽ làm mọi thứ trong khả năng của mình để lấy lại tiền cho những người trả tiền càng nhanh càng tốt, Kennedy nói	Có sự quan tâm rất mạnh mẽ trong việc tiền lại cho người nộp thuế càng nhanh càng tốt, Cao ủy Susan Kennedy nói	3.8
Cô chỉ có một điều kiện duy nhất, đó là cuốn sách không được xuất bản cho đến khi cô qua đời	Cô khẳng định, mặc dù, rằng nó không được công bố cho đến sau cái chết của cô	4.4
Những phát hiện được công bố trong ấn bản ngày 6 tháng 11 của tạp chí Nature	Cả hai nghiên cứu được công bố vào hôm thứ năm trên tạp chí Nature, người Anh hàng tuần trên tạp chí khoa học	2.6
Thu nhập hộ gia đình trung bình giảm 1,1 phần trăm từ năm 2001 đến 2002 xuống còn $ 42,409, sau khi tính đến lạm phát	Cuộc khảo sát cũng tìm thấy thu nhập hộ gia đình trung bình tăng $ 51, khi chiếm lạm phát, đến $ 43057	1.4
Các nhà lãnh đạo Hoa Kỳ và Châu Âu đã cam kết vào thứ Tư sẽ hợp tác để ngăn Iran phát triển vũ khí hạt nhân, trình bày một mặt trận thống nhất sau nhiều tháng chịu đựng cay đắng đối với Iraq	Bush nói Mỹ và Liên minh châu Âu lãnh đạo, tại một hội nghị thượng đỉnh Washington hàng năm, đồng ý về sự cần thiết để giữ cho Iran phát triển vũ khí hạt nhân	3.2
Công ty cho biết họ sẽ giảm giá bán buôn của hầu hết các CD hàng đầu xuống còn 9,09 đô la từ 12,02 đô la	Công ty này cũng cho biết sẽ cắt giảm giá bán buôn trên băng cassette và thay đổi giá bán lẻ đề xuất là $ 8,98	1.6
Ông rời quân đội đến Syria, nơi ông được đào tạo tôn giáo	Ông chuyển tới Syria, nơi ông đã trải qua đào tạo tôn giáo hơn nữa tín ngưỡng Hồi giáo truyền thống	3.0
Cuộc họp dự kiến kết thúc vào tối thứ Tư, với những người tham dự phê chuẩn các nghị quyết thể hiện quan điểm của giáo phái về các vấn đề nhưng điều đó không ràng buộc đối với các nhà thờ	Hôm thứ Tư, người tham dự sẽ bỏ phiếu về nghị quyết bày tỏ quan điểm Baptist Nam về các vấn đề, nhưng không bắt buộc đối với các nhà thờ cá nhân	3.273
Nhưng hiệu suất không đầy đủ của học sinh trong các nhóm nhỏ khác nhau đã gán tiểu bang với mác thiếu theo đạo luật Không trẻ em bị bỏ lại phía sau của liên bang	Nhưng việc thực hiện không đầy đủ các sinh viên trong các phân nhóm khác nhau, như chủng tộc, đẩy nhà nước vào danh sách nhu cầu cải thiện dưới No Child Left Behind Act liên bang	4.0
Điều này đã dẫn đến sự phục hồi của bàn thờ Cancuen nặng 270 kg, được công bố vào thứ Tư bởi Đại học Vanderbilt ở Nashville và Hiệp hội Địa lý Quốc gia	Điều này dẫn vào tháng trước để sự phục hồi của 600 pound Cancun bàn thờ, Đại học Vanderbilt ở Nashville và National Geographic Society công bố vào hôm thứ Tư	3.25
Cổ phiếu của Allergan giảm 14 cent, đóng cửa ở mức 78,12 USD trên thị trường chứng khoán New York tin tức  trang web	Cổ phiếu của Allergan đã tăng 14 cent ở $ 7840 trong phiên giao dịch cuối năm trên thị trường chứng khoán của New York	3.25
Cổ phiếu của Allergan giảm 14 cent, đóng cửa ở mức 78,12 USD trên thị trường chứng khoán New York tin tức  trang web	Cổ phiếu của Allergan đã tăng 14 cent ở $ 7840 trong phiên giao dịch cuối năm trên thị trường chứng khoán của New York	3.25
Mùa thu nhập quý hai sắp tới sẽ đặc biệt quan trọng trong việc cung cấp hướng dẫn cho các nhà đầu tư, họ nói	Họ nói rằng các báo cáo lợi nhuận quý II sẽ là chìa khóa trong việc đưa ra các nhà đầu tư hướng dẫn đó	5.0
Trong một cú đánh không quá tinh tế vào Dean, ông dự đoán người Mỹ sẽ không bầu một đảng Dân chủ người phát ra tiếng kèn không chắc chắn trong những thời điểm nguy hiểm này	Họ sẽ không bầu làm chủ tịch đảng Dân chủ người nghe một tiếng kèn không chắc chắn trong những thời điểm nguy hiểm	3.5
Điều đó đã lấy điểm chuẩn 10 năm US10YT  RR giảm 932, sản lượng của nó tăng lên 3,37 phần trăm từ 3,34 phần trăm vào cuối ngày thứ năm	Chỉ số chuẩn 10 năm chúng ta định 10YTRR 1132 mất giá, chiếm dưới 321% từ 317% vào cuối ngày thứ Hai	3.417
Báo cáo dự báo sẽ có 71079 điểm nóng trên toàn thế giới trong năm nay, tăng từ chỉ 14752 trong năm 2002 và 1214 trong năm 2001	Báo cáo cũng cho biết rằng sẽ có tới 9,3 triệu du khách đến các điểm du lịch nổi bật trong năm nay, lượt khách một lần nữa tăng từ mức 2,5 triệu ít ỏi vào năm 2002	1.75
Báo cáo dự báo sẽ có 71079 điểm nóng trên toàn thế giới trong năm nay, tăng từ chỉ 14752 trong năm 2002 và 1214 trong năm 2001	Bản báo cáo cũng khẳng định rằng sẽ có đến 9,3 triệu du khách đến các điểm nóng năm nay, tăng một lần nữa từ ít ỏi 2,5 triệu vào năm 2002	1.75
Một nghiên cứu mới, được thực hiện ở châu Âu, cho thấy loại thuốc này hoạt động tốt như một nghiên cứu đang bị tranh chấp trước đó, được tài trợ bởi ImClone Systems, cho biết nó đã làm được	Các bác sĩ kết luận Erbitux, thuốc ung thư vướng Systems ImClone trong một vụ bê bối giao dịch nội gián, làm việc chỉ cũng như một nghiên cứu trước đây do công ty tài trợ cho biết nó đã làm	2.7
Cổ phiếu của ngân hàng đã giảm 45 xu trong giao dịch ngày hôm qua xuống còn 91,51 đô la mỗi cổ phiếu	Cổ phiếu của M  T, trong đó có trụ sở tại Buffalo, đã giảm 41 cent, xuống còn $ 91,51	2.75
Luật sư của cô Donald Levine nói với tờ The Telegraph rằng cô đã được đề nghị 250000 đô la Mỹ để kể câu chuyện của mình cho đài truyền hình Úc	Ông Levine cho biết cô đã được chào bán $ 400000 để kể câu chuyện của mình cho một mạng lưới truyền hình Úc	3.75
Perry đã triệu tập các nhà lập pháp vào hai phiên họp đặc biệt để giải quyết việc tái phân chia quốc hội	Perry đã yêu cầu hai phiên lập pháp đặc biệt để cố gắng buộc kế hoạch tái phân bổ được thông qua	3.75
Perry đã triệu tập các nhà lập pháp vào hai phiên họp đặc biệt để giải quyết việc tái phân chia quốc hội	kể từ Perry đã kêu gọi hai phiên lập pháp đặc biệt để cố gắng buộc các kế hoạch tái phân chia thông qua	3.75
Trong vụ bạo lực mới nhất, quân nổi dậy đã ném bom vào một đoàn xe của Mỹ ở phía bắc Baghdad, giết chết một người lính	Sớm thứ Hai, quân nổi dậy đã ném một quả bom tự chế tại một đoàn Mỹ ở miền bắc Baghdad, giết chết một người lính Mỹ	4.111
Các nhóm người tiêu dùng chống lại những thay đổi, nói rằng họ làm tổn thương cá nhân trong thị trường	nhóm người tiêu dùng phản đối những thay đổi, nói rằng họ tập trung quá nhiều cửa hàng tại quá ít các đế chế truyền thông	3.6
Các quan chức AirTran và một quan chức Boeing đã từ chối bình luận ngày hôm qua	Trish York, một phát ngôn viên của Boeing, từ chối bình luận về thỏa thuận này	4.0
Vụ kiện mang tên Shelley, một đảng viên đảng Dân chủ và các nhà đăng ký tại các hạt Los Angeles, Orange và San Diego	Vụ kiện có tên Bộ trưởng Ngoại giao Kevin Shelley, thuộc đảng Dân chủ, và đăng ký cử tri ở Los Angeles, Orange và quận San Diego	4.2
Các nhà đàm phán cho biết hôm thứ Sáu họ đã đạt được tiến bộ tốt trong vòng đàm phán mới nhất về việc tạo ra Hiệp định thương mại tự do Trung Mỹ	Nhà đàm phán cho biết họ đạt được tiến bộ trong vòng mới nhất của họ đàm phán tự do thương mại giữa Hoa Kỳ và năm quốc gia Trung Mỹ trong tuần này tại Houston	3.75
Rất khó để thực hiện các khoản vay hợp vốn lớn ở Nhật Bản, nơi thiếu chuyên môn, một nhân viên ngân hàng nói	Rất khó khăn để làm các khoản vay hợp vốn lớn tại Nhật Bản, một nhân viên ngân hàng cho biết	3.8
Vụ việc xuất phát từ Illinois và liên quan đến một công ty vì lợi nhuận có tên Telemarketing Associates Inc	Trường hợp quyết định thứ hai tập trung vào một Illinois gây quỹ, Telemarketing Associates	4.4
Thứ Năm hàng tuần, một ủy ban quản lý ngũ cốc họp trong ban giám đốc nông nghiệp của Ủy ban để quyết định kết quả đấu thầu xuất khẩu hàng tuần	Một ủy ban quản lý hạt thường gặp mỗi hôm thứ năm tại đơn vị sản xuất nông nghiệp của Ủy ban  một mục tiêu của cuộc tấn công vào hôm thứ Tư  để quyết định kết quả của cuộc đấu thầu xuất khẩu hàng tuần	3.6
Ông kêu gọi Quốc hội gửi cho tôi hóa đơn cuối cùng càng sớm càng tốt để tôi có thể ký nó thành luật	Tôi kêu gọi Quốc hội để nhanh chóng giải quyết bất kỳ sự khác biệt và gửi cho tôi hóa đơn cuối cùng càng sớm càng tốt để tôi có thể đăng ký nó thành luật, ông nói	4.6
Ông Pingeon là giám đốc kiện tụng cho Dịch vụ Pháp lý Correctional Massachusetts, một nhóm quyền của tù nhân	Pingeon nói một luật sư cho tổ chức của mình, Massachusetts Correctional Dịch Vụ Pháp Lý, phỏng vấn Assan vào thứ Ba	1.667
Yee tốt nghiệp vào năm 1990 từ Học viện quân sự Hoa Kỳ tại West Point, New York	Yee lớn lên tại Hoa Kỳ và tốt nghiệp Học viện Quân sự Mỹ ở West Point	4.0
PNC hối tiếc sự tham gia của mình trong các thỏa thuận, Chủ tịch và Giám đốc điều hành James Rohr nói trong một tuyên bố	James Rohr, chủ tịch kiêm giám đốc điều hành, cho biết PNC hối tiếc vụ việc	4.333
CCAG đã hỗ trợ Bill Curry, đối thủ của Rowland trong cuộc bầu cử thống đốc năm 2002	nhóm của ông Swan hỗ trợ đối thủ Dân chủ Nhân đốc, Bill Curry trong cuộc bầu cử năm 2002 cho biết	3.0
Sau đó, họ đã rơi ra và đã ủng hộ một loạt các dân quân đối thủ Congo trong những năm gần đây	Hai quốc gia xâm lược sau đó xảy ra mâu thuẫn, và kể từ đó hậu thuẫn cho những phe đối đầu	3.5
Các quan chức y tế tiểu bang cho biết hôm nay một phụ nữ trẻ ở vùng đông bắc Kansas có khả năng mắc bệnh thủy đậu đầu tiên ở tiểu bang hoặc động vật	nhân viên y tế xác nhận ngày hôm nay rằng một đông bắc Kansas phụ nữ có trường hợp đầu tiên của tiểu bang của monkeypox và trường hợp đầu tiên về phía tây của sông Mississippi	3.5
Một người khác cho biết các thành viên của họ sẽ tiếp tục gọi hơn 50 triệu số điện thoại trong danh sách của Ủy ban Thương mại Liên bang	Trong khi đó, Hiệp hội Tiếp thị trực tiếp biết các thành viên của nó không nên gọi gần 51 triệu số trong danh sách đố	2.0
Một người khác cho biết các thành viên của họ sẽ tiếp tục gọi hơn 50 triệu số điện thoại trong danh sách của Ủy ban Thương mại Liên bang	Trong khi đó, Hiệp hội Tiếp thị trực tiếp biết các thành viên của nó không nên gọi gần 51 triệu số trong danh sách	2.0
Nghệ sĩ giải trí kỳ cựu Bob Hope kỷ niệm sinh nhật lần thứ 100 của mình  và nhiều năm trong showbusiness  vào thứ năm	Hollywood và thế giới đang chuẩn bị tổ chức sinh nhật lần thứ 100 nghệ sĩ huyền thoại Bob Hope vào hôm thứ Năm	3.75
Cổ phiếu của Navistar đã giảm 44 cent, tương đương 1,1%, ở mức 41,19 USD trên thị trường chứng khoán New York sau khi giảm xuống mức thấp 39,93 USD	cổ phiếu Navistar tăng một xu đến $ 41,64 tại chiều muộn trên thị trường chứng khoán New York sau khi giảm thấp nhất là $ 39,93	2.0
Colin Powell, Bộ trưởng Ngoại giao, cho biết liên lạc với Iran sẽ không dừng lại	Bộ trưởng Ngoại giao Colin Powell cho biết hôm qua rằng việc tiếp xúc với Iran sẽ tiếp tục	4.333
Các vấn đề giảm dần vượt trội so với các nhà đầu tư gần 21 trên Sàn giao dịch chứng khoán New York	Mã giảm giá áp đảo gần 83 trên NYSE và hơn 115 trên Nasdaq	1.8
Một sân bay nổi với sàn bay rộng 4,5 mẫu Anh, con tàu mất khoảng năm năm để xây dựng	Reagan, một sân bay nổi với một cỗ máy bay bao gồm 4,5 hecta, là chiếc tàu sân bay Nimitzclass lần thứ chín được xây dựng tại nhà máy đóng tàu ở Newport News	2.667
Stout trước đây làm việc cho công ty con của General Electric GE Capital Service Inc, nơi ông là phó chủ tịch và giám đốc công nghệ và thông tin	Stout nói đến Sprint từ GE Capital, nơi ông từng là Giám đốc công nghệ và nhân viên thông tin	3.2
Chỉ có lợi suất 0,3% của Intel Corp là thấp hơn	Chỉ Intel Corp có tỷ suất cổ tức thấp hơn	2.8
Một đồng nghiệp nữ bị thương cũng phải nhập viện và được liệt kê trong tình trạng tốt	Một phụ nữ được liệt kê trong tình trạng tốt tại trường HealthPark Memorial, ông cho hay	2.2
Nạn nhân vụ nổ súng đã được đưa đến Trung tâm bệnh viện Kings County, nơi anh ta chết sau đó, cảnh sát cho biết	Nạn nhân, người chưa xác định được danh tính, đã được đưa đến Bệnh viện Quận Kings, nơi ông được thông báo rằng đã chết	4.333
Giám đốc điều hành MGM, NBC và Liberty đã không có bình luận ngay lập tức	Một phát ngôn viên của Microsoft không phải ngay lập tức có sẵn để bình luận	2.0
Phân tích mới cho thấy 32 trong số 16608 người tham gia bị ung thư buồng trứng trong khoảng 5 năm theo dõi	Các phân tích mới phát hiện ra rằng 32 của 16608 người tham gia phát triển ung thư buồng trứng trong khoảng 5 12 năm theo dõi, trong đó có 20 phụ nữ đã dùng hormone	3.0
Họ báo cáo các triệu chứng sốt, nhức đầu, phát ban và đau cơ	Các triệu chứng bao gồm cứng cổ, sốt, đau đầu và nhạy cảm với ánh sáng	2.333
Chúng tôi đã trở nên giống như những người hoàn toàn xa lạ, Klein trích lời anh	Chúng tôi đã trở nên giống như hoàn toàn xa lạ, John nói với một người bạn thân hai ngày trước khi ông qua đời	3.25
Davey tốt nghiệp vào hôm thứ bảy tại trường Cao đẳng Tây Bắc, liên kết với Hội đồng Thiên Chúa, với bằng cử nhân nghệ thuật về tôn giáo và triết học	Davey bắt đầu tham dự Northwest College, được liên kết với Assemblies of God, vào năm 1999 với mục đích để trở thành một mục sư	2.25
Diễn viên kỳ cựu và diễn viên màn ảnh Hume Cronyn qua đời vì bệnh ung thư vào Chủ nhật	diễn viên Hume Cronyn, 91, đã qua đời Chủ Nhật tại nhà riêng ở bang Connecticut	3.5
Scrimshaw, Giám sát viên, Bộ trưởng tốt nhất và Mười người mong muốn nhất dự kiến sẽ hoàn thành lĩnh vực Belmont	Tướng tốt nhất, những vật nhỏ bằng vỏ ốc, và Ten Most Wanted đều có tập luyện vào sáng thứ Hai	2.25
Chỉ số tổng hợp Nasdaq công nghệ IXIC giảm 23,54 điểm, tương đương 1,42%, xuống 1630,08	Rộng hơn Standard  Poor 500 Index SPX bỏ 11,91 điểm, tương đương 1,19%  tại 986,60	0.75
Chỉ số tổng hợp Nasdaq công nghệ IXIC giảm 23,54 điểm, tương đương 1,42%, xuống 1630,08	Rộng hơn Standard  Poor 500 Index SPX bỏ 11,91 điểm, tương đương 1,19%  tại 986,60	0.75
Đó là cuộc thử nghiệm cuối cùng trước khi giao tên lửa cho các lực lượng vũ trang	đài phát thanh nhà nước cho biết đây là bài kiểm tra cuối cùng trước khi tên lửa đã được chuyển giao cho lực lượng vũ trang	4.0
Việc rút bạn quân  khỏi đất nước chúng tôi là không thể tránh khỏi, cho dù điều đó xảy ra hôm nay hay ngày mai và ngày mai sẽ đến sớm	Rút của bạn từ nước ta là không thể tránh khỏi, cho dù nó xảy ra ngày hôm nay hay ngày mai, thêm tiếng nói, mà ký tắt cho ngày như giữa tháng Chín	3.5
Deirdre Hisler, người quản lý của Chính phủ Canyon, cho biết nhà nước từ lâu đã để mắt đến phần tài sản này và mong muốn hoàn thành thỏa thuận để có được nó	Deirdre Hisler, giám đốc Canyon của Chính phủ, cho biết nhà nước từ lâu đã thèm muốn này mảnh bất động sản, và là mong muốn hoàn thành thỏa thuận	5.0
Theo một bản tin được gửi bởi Quỹ Terry SchindlerSchiavo, Diễn giả Florida Johnnie Byrd sẽ giới thiệu Dự luật Terri trong phiên họp đặc biệt hôm thứ Hai	Phát ngôn viên của nhà Johnnie Byrd, dự kiến sẽ giới thiệu  Terri Bill trong một phiên họp đặc biệt một ngày của cơ quan lập pháp tiểu bang đang được tổ chức tại Tallahassee vào hôm nay	3.75
Ngoài ra, các doanh nghiệp trên khắp Utah đang tình nguyện hiển thị cảnh báo Amber trên các dấu hiệu của họ	Các doanh nghiệp sẵn lòng đặt các cảnh báo trên bảng thông báo và lý hiệu điện tử của họ	3.75
Nhờ đồng euro tăng so với đồng tiền Nhật Bản, đồng đô la đã ở mức 117,24 yên, cao hơn mức thấp nhất trong 10 tháng qua là 116 yên	sự tăng giá của đồng euro so với đồng yên và đầu cơ của sự can thiệp của Nhật Bản đã giúp công ty đô la để 117,25 yen, cao hơn 10 tháng thấp của 116 yen nhấn vào thứ năm	4.25
Cựu Tổng Giám mục Nam Phi Desmond Tutu cho biết hôm Chủ nhật, ông không thấy tất cả những gì ồn ào đã kết thúc việc bổ nhiệm một giám mục đồng tính, nhưng thúc giục giáo sĩ đồng tính vẫn sống độc thân	Người đoạt giải Nobel của Nam Phi Đức Tổng Giám Mục Desmond Tutu nói rằng ông không hiểu tất cả những ồn ào về việc bổ nhiệm một giám mục đồng tính, nhưng ông đã kêu gọi giáo sĩ đồng tính luyến ái vẫn còn độc thân	4.5
Chứng khoán Nga đã giảm sau vụ bắt giữ hôm thứ Bảy tuần trước của Mikhail Khodorkovsky, giám đốc điều hành của Yukos Oil, với cáo buộc gian lận và trốn thuế	Việc bắt giữ cuối tuần của người đàn ông giàu nhất của Nga, Mikhail Khodorkovsky, giám đốc điều hành của dầu lớn Yukos, về tội gian lận và trốn thuế thị trường tài chính mất bình tĩnh	4.0
Các nhân chứng của Reuters cho biết nhiều ngôi nhà đã bị san phẳng và các quảng trường trong thành phố có rất nhiều trẻ em đang khóc và những người vô gia cư, nằm trong chăn để bảo vệ họ khỏi cái lạnh	Reuters nhân chứng cho biết quảng trường được đóng gói với trẻ em và người mất nhà cửa, túm tụm trong chăn để bảo vệ họ khỏi lạnh	3.25
Trong năm nay, nó dự kiến doanh thu 94 triệu đô la và lợi nhuận 26 xu một cổ phiếu từ hoạt động liên tục	Đây là một sự gia tăng từ 22,5 $ triệu và 5 cent một cổ phiếu dự báo trước đó	0.75
Vào tháng 9, HewlettPackard đã ký một thỏa thuận phát triển và tiếp thị với công ty	Bốn tháng sau đó đã ký một thỏa thuận tiếp thị doanh với HewlettPackard Co	2.75
Người tiêu dùng vẫn sẽ phải lấy thẻ bảo mật giải mã từ nhà khai thác cáp của họ để cắm vào bộ	Để xem truyền hình trả tiền, người tiêu dùng sẽ chèn vào các thiết lập một thẻ an ninh được cung cấp bởi dịch vụ cáp của họ	4.0
Người tiêu dùng vẫn sẽ phải lấy thẻ bảo mật giải mã từ nhà khai thác cáp của họ để cắm vào bộ	Để xem truyền hình trả tiền, người tiêu dùng sẽ chèn vào các thiết lập vào một thẻ an ninh được cung cấp bởi dịch vụ cáp của họ	4.0
Vào thứ sáu, chiếc Concorde bắt đầu mọc lên xung quanh mặt trời mọc và dường như phóng thẳng ra khỏi mặt trời đang mọc	Hôm qua, Concorde dường như khởi động bản thân thẳng ra nước mặt trời mọc	3.4
Tập Phim A Stage 1 được tuyên bố khi mức ozone đạt 0,20 phần triệu	Các tiêu chuẩn liên bang cho ôzôn là 0,12 phần triệu	2.2
Sau khi Hughes từ chối khôi phục lại Hernandez, anh ta đã khiếu nại lên Ủy ban cơ hội việc làm bình đẳng	Hernandez nộp đơn khiếu nại Equal Employment Opportunity Commission và  đã bị kiện	3.4
Ba chuỗi cửa hàng tạp hóa đã dựa vào các nhà quản lý cửa hàng và nhân viên thay thế để giữ cho các cửa hàng của họ mở	Các chuỗi siêu thị đã sử dụng cán bộ quản lý và người lao động thay thế để giữ cho cửa hàng của họ mở, thường là vào giảm giờ	3.4
Đề xuất của Dewhurst kêu gọi chấm dứt đột ngột kế hoạch Robin Hood gây tranh cãi về tài chính học đường	Ủy ban sẽ đề xuất một sự thay thế cho hệ thống tài chính trường Robin Hood	2.6
Các quốc gia và chủ nợ tư nhân khác đang nợ ít nhất 80 tỷ đô la	các nước khác đang nợ ít nhất tỷ $ US80 108520000000 $	3.4
Các nhà tiếp thị qua điện thoại gọi các số trong danh sách sau ngày 1 tháng Mười có thể phải đối mặt với khoản tiền phạt lên tới 11000 đô la mỗi cuộc gọi	Theo luật, telemarketers người gọi số trong danh sách có thể bị phạt lên đến $ 11000 cho mỗi vi phạm	3.6
Trong khi đợi một quả bom tiếu đôi để đến, quả bom phát nổ, giết chết Wells	Các quả bom phát nổ trong khi cơ quan chức năng đang chờ đợi một đội bom đến	3.25
Anh ấy giải thích rằng anh ấy đã tìm thấy Antetonitrus khi anh ấy đến Wits vào năm 2001 với tư cách là một trợ lý nghiên cứu sau tiến sĩ tại Đại học Bristol của Anh	Ông giải thích rằng ông đã tìm thấy antetonitrus khi ông đến Wits vào năm 2001 trong khi một trợ lý nghiên cứu sau tiến sĩ tại Đại học Bristol ở Anh	5.0
Air Canada, hãng hàng không lớn nhất Canada và số 11 trên thế giới, đã được tòa án bảo vệ từ các chủ nợ kể từ ngày 1 tháng Tư	Tay vợt số 11 hãng hàng không trên thế giới, Air Canada đã được dưới sự bảo hộ của tòa án từ chủ nợ kể từ 01 Tháng Tư	4.25
Bản sao lưu của quan chức an ninh không thể được điền vào vì anh ta đang làm nhiệm vụ quân sự tích cực, Strutt nói	sao lưu các quan chức an ninh là nhiệm vụ hoạt động, và các hiệp hội xổ số không có sự thay thế nào ở New Jersey, Strutt nói	3.4
Bồi thẩm đoàn cũng nhận thấy Gonzales phạm tội khi sử dụng vũ lực quá mức bằng cách ném OlveraCarrera bằng bình xịt hơi cay	Gonzales đã bị buộc tội sử dụng vũ lực quá mức bằng cách phun Olvera với bình xịt hơi cay	4.25
Thi thể của một số người chết, được kéo ra từ dưới tàu, được đặt bên cạnh đường ray trong khi các dịch vụ khẩn cấp mang theo quan tài bằng gỗ	Các cơ quan của nhiều người chết, kéo từ dưới tàu một phần bị lật đổ đã được đặt ra bởi các ca khúc chờ nhận dạng	3.25
Garner cho biết thị trưởng tự xưng của Baghdad, Mohammed Mohsen alZubaidi, đã được thả sau hai ngày bị giam giữ trong liên minh	Garner nói tự xưng Baghdad thị trưởng Mohammed Mohsen Zubaidi được phát hành 48 giờ sau khi ông bị giam giữ vào cuối tháng Tư	4.25
Các giám đốc điều hành của công ty Enron tham gia vào các vụ lừa đảo phổ biến và lan rộng, công tố viên Samuel Buell nói với hãng tin AP	Enron công ty giám đốc điều hành tham gia vào gian lận tràn lan và phổ biến để thao tác thu nhập kết quả của công ty, Buell phát biểu	3.75
Có vẻ như đối với tôi  chúng ta chỉ đang đối phó với các quyền khoe khoang ở đây, ai thắng và ai thua, Gammerman, người đã nghe vụ việc mà không có bồi thẩm đoàn nói	Gác lại lệ phí luật sư, chúng tôi đang làm việc với quyền khoe khoang của người thắng và người thua, Gammerman cho hay	3.667
Khách hàng trả phí vào cửa $ 1,219 nhận SMS 2003 với 10 giấy phép truy cập máy khách	giá bán lẻ cho SMS 2003 với giấy phép truy cập khách hàng 10 thiết bị là $ 1219	4.333
Kết quả của Khảo sát Thổ dân năm 2001 do Thống kê Canada công bố hôm qua cho thấy mức sống đã được cải thiện nhưng vẫn còn chậm trễ đối với những người dự trữ	Các thổ dân Survey 2001 Peoples bố hôm Thứ Tư bởi Thống kê Canada cho biết mức sống đã được cải thiện nhưng vẫn tụt hậu cho Inuit và những người rời khỏi dự trữ thường nghèo khổ của họ	3.909
Sự quay vòng gần đây trên thị trường chứng khoán và việc giảm bớt tuyên bố thất nghiệp sẽ giữ cho kỳ vọng của người tiêu dùng ở mức hiện tại và có thể báo hiệu thời kỳ kinh tế thuận lợi hơn phía trước	Việc quay vòng gần đây trong thị trường chứng khoán và nới lỏng định trong tuyên bố thất nghiệp có thể là dấu hiệu thời kỳ kinh tế thuận lợi hơn trước, bà nói	3.933
Trong khi giao dịch trong ngày không rõ ràng, chỉ số 500 của Standard  Poor đang chuẩn bị kết thúc giai đoạn ba tháng tốt nhất kể từ quý IV năm 1998	Chỉ số chứng khoán 500 của Standard  Poor đã kết thúc quý nầy với việc tăng 120 điểm, tăng 14%, hiệu suất tốt nhất cho điểm chuẩn thị trường rộng lớn đó kể từ năm 1998	3.75
Trong khi giao dịch trong ngày không rõ ràng, chỉ số 500 của Standard  Poor đang chuẩn bị kết thúc giai đoạn ba tháng tốt nhất kể từ quý IV năm 1998	chỉ số 500 cổ phiếu của Standard  Poor đã kết thúc quý lên 120 điểm, mức tăng 14 phần trăm, hiệu suất tốt nhất cho rằng điểm chuẩn thị trường rộng lớn từ năm 1998	3.75
Các nhà nghiên cứu tìm thấy những hóa thạch trong một khu vực semidesert của Venezuela, khoảng 250 dặm về phía tây Caracas	xương Phoberomys được khai quật 250 dặm về phía tây Caracas, Venezuela	3.75
ONA tuyên bố rõ ràng rằng họ không nhận được tài liệu tình báo cho thấy mạng lưới khủng bố Jemaah Islamiyah đang lên kế hoạch thực hiện một chiến dịch ở Bali	Nhưng mà không sân khấu đã làm ONA nhận tài liệu thông tin tình báo cho thấy Jemaah Islamiyah đã được lên kế hoạch để gắn kết một hoạt động tại Bali	4.25
Những báo cáo đã bị từ chối bởi bộ trưởng nội vụ, Hoàng tử Nayef	Tuy nhiên, Bộ trưởng Nội vụ Ả Rập, Hoàng tử Nayef, phủ nhận các báo cáo	4.25
Bryant trước đây đã nói rằng việc đi bộ có tác động lớn hơn đến nhu cầu so với các quan chức dự kiến	Giám đốc tài chính Andy Bryant đã nói rằng việc gia tăng đã ảnh hưởng đến một lớn hơn khối lượng so với các quan chức dự kiến	3.5
Đội The American Women, những người đang bảo vệ chức vô địch, sẽ chơi ở Philadelphia vào ngày 25 tháng 9 và kết thúc cuộc thi nhóm ở Columbus vào ngày 28 tháng 9	Những người phụ nữ Mỹ, là người đương kim vô địch, sẽ đóng vào ngày 25 Philadelphia và kết luận cuộc thi nhóm trên 28 tháng 9 ở Columbus, Ohio	4.75
Thẩm phán Leroy Millette Jr có thể giảm hình phạt cho tù chung thân mà không được tạm tha khi Muhammad chính thức bị kết án vào ngày 12 tháng 2, nhưng các thẩm phán Virginia hiếm khi có hành động như vậy	Mặc dù các thẩm phán có thể làm giảm hình phạt tù chung thân mà không cần tạm tha, chuyên gia cho rằng Virginia thẩm phán hiếm khi tận dụng cơ hội đó	3.25
Ông McDonnell đang dẫn đầu cuộc điều tra của Grant Thornton International về doanh nghiệp Ý	Ông McDonnell muốn thiết lập nếu doanh nghiệp Ý theo thủ tục kiểm toán Grant Thornton	2.75
Một phát ngôn viên của Bệnh viện Strong Memorial cho biết Doud đã ở trong tình trạng thỏa đáng vào tối thứ Ba	Một phát ngôn viên tại bệnh viện Memorial Mạnh nói Doud đã được đánh giá buổi tối thứ ba tại phòng cấp cứu	3.0
Ray Brent Marsh, 29 tuổi, đối mặt với nhiều tội lừa đảo dịch vụ chôn cất, đưa ra những tuyên bố sai lệch, lạm dụng xác chết và trộm cắp	Ray Brent Marsh, 29 tuổi, cũng phải đối mặt với tội danh lạm dụng của một cơ thể, và trộm cắp	3.8
Sau đó, Chủ tịch đại học Paul Pribbenow bảo ông hãy kết thúc bài phát biểu của mình	Sau micro Hedges được cắm phít cho một lần thứ hai, Pribbenow nói với ông để thúc bài phát biểu của mình	3.4
Toàn bộ kết thúc cuối ngày 306, năm 2003, đường cao tốc tăng 45%	Toàn bộ kết thúc cuối ngày 306, năm 2003, đường cao tốc tăng 45%	3.857
Toàn bộ kết thúc cuối ngày 306, năm 2003, đường cao tốc tăng 45%	Toàn bộ kết thúc cuối ngày 306, năm 2003, đường cao tốc tăng 45%	3.857
Sự nghiệp bóng rổ ngắn ngủi, rắc rối của Ricky Clemons từ đội Missouri đã kết thúc	Missouri đá Ricky Clemons tắt đội ngũ, kết thúc sự nghiệp khó khăn của mình ở đó	4.0
Các quan chức quân đội Hoa Kỳ nói rằng việc rửa cánh quạt từ trực thăng có thể đã thổi bay biểu ngữ	Các quan chức Mỹ cho biết giảm rotor rửa được tạo ra bởi các máy bay trực thăng lơ lửng tước lá cờ từ tháp	3.4
Hiệp hội lớn nhất của ngành đang kêu gọi các thành viên của mình không gọi hơn 50 triệu số nhà và số di động trong danh sách	Trong khi đó, Hiệp hội Tiếp thị trực tiếp biết các thành viên của nó không nên gọi gần 51 triệu số trong danh sách đố	3.2
Hiệp hội lớn nhất của ngành đang kêu gọi các thành viên của mình không gọi hơn 50 triệu số nhà và số di động trong danh sách	Trong khi đó, Hiệp hội Tiếp thị trực tiếp biết các thành viên của nó không nên gọi gần 51 triệu số trong danh sách	3.2
Thỏa thuận giải quyết có hiệu lực trong tuần này đã đạt được chưa đầy hai tháng sau khi OMalley nắm quyền lãnh đạo tổng giáo phận lớn thứ tư của quốc gia	Chưa đầy hai tháng sau khi Tổng Giám mục Sean OMalley lên nắm quyền lãnh đạo của giáo phận lớn thứ tư của quốc gia, một thỏa thuận trị giá 85 triệu đô la đã ký vào tháng Chín	3.0
Quốc hội Hoa Kỳ đã được sơ tán hôm qua sau khi nhà chức trách phát hiện một vật liệu nguy hiểm có thể trong tầng hầm của cánh Thượng viện, Cảnh sát thủ đô cho biết	Capitol Cảnh sát Mỹ sơ tán Capitol hôm qua sau khi một cảm biến phát hiện thảm họa sinh học có thể có trong cánh Thượng viện, nhưng sau đó chính quyền nói đó là một báo động giả	3.2
Cựu tổng thống cũng đã có nhiều bài phát biểu vào năm 2002 mà không cần bồi thường, người phát ngôn Jim Kennedy nói	Phát ngôn viên của ông Jim Kennedy cho biết cựu Tổng thống cũng đã hơn 70 bài phát biểu vào năm 2002 mà không bồi thường	3.6
Rộng lớn Standard  Poor 500 correlation chỉ số SPX là 0 46 điểm thấp hơn, hoặc 0 05%, đạt mức 99702	Standard  Poor của chỉ số 500 chứng khoán tương lai cho tháng Sáu đã giảm 2,60 điểm tại 965,70, trong khi Nasdaq kỳ hạn đã giảm 750 điểm còn 1,18350	1.6
Được đặt tên là Project Mad Hatter, máy tính để bàn dựa trên Linux đang được Sun quảng bá như một sự thay thế an toàn hơn và ít tốn kém hơn cho Windows	Được thiết kế để cạnh tranh với Microsoft Corp, dự án Mad Hatter đang được định vị bởi Sun như một hệ thống rẻ hơn, an toàn thay thế điều hành máy tính của Microsoft	3.8
Các công nhân cáo buộc Động lực học chung về phân biệt tuổi tác ngược vì sự thay đổi trong trợ cấp hưu trí năm 1997	General Dynamics đã bị kiện khi nó thay đổi phúc lợi hưu trí của nó vào năm 1997	2.6
Chỉ số hỗn hợp công nghệ Nasdaq IXIC giảm 5,16 điểm, tương đương 0,32%, ở mức 1590,75, phá vỡ chuỗi lợi nhuận trong sáu ngày	Chỉ số hỗn hợp Nasdaq nặng về công nghệ IXIC đã giảm 0,11%, tương đương 1,78 điểm, ở mức 1594,13	1.6
Chỉ số hỗn hợp công nghệ Nasdaq IXIC giảm 5,16 điểm, tương đương 0,32%, ở mức 1590,75, phá vỡ chuỗi lợi nhuận trong sáu ngày	Chỉ số Nasdaq Composite Index IXIC nghệ nặng đã giảm 0,11 phần trăm, hoặc 1,78 điểm, tại 1,59413	1.6
Một nhân vật quan trọng trong kế hoạch hối lộ của cựu Thủ quỹ Paul Silvester đã bị cáo buộc hôm thứ Tư đã thay đổi câu chuyện của ông về các giao dịch bị cáo buộc tham nhũng của Silvester với một công ty đầu tư ở Boston	Một cầu thủ quan trọng trong sơ đồ tham nhũng cựu nhà nước Thủ quỹ Paul Silvester của điều trần hôm thứ ba về lại quả và hối lộ Silvester giao dịch cho doanh nghiệp nhà nước	2.0
Nhiệm vụ của hệ thống CAPPS II đã và sẽ luôn là an ninh hàng không, chính quyền, một phần của Bộ An ninh Nội địa cho biết	Nhiệm vụ của hệ thống Capps II đã và sẽ luôn luôn được đảm bảo an ninh hàng không, họ nói	3.6
Hovan không nói, nhưng luật sư của ông, John Speranza, nói rằng thân chủ của ông không thức dậy vào ngày hôm đó có ý định làm tổn thương bất cứ ai	Hovan không thức dậy ngày hôm đó có ý định làm tổn thương bất cứ ai, luật sư bào chữa John Speranza cho biết	4.5
Chúng tôi tin rằng không cần thiết phải có một cuộc đấu tranh xác nhận gây chia rẽ đối với một cuộc hẹn của Tòa án tối cao, ông Daschle viết	Chúng tôi tin rằng đó không phải là cần thiết để có một cuộc chiến xác nhận gây chia rẽ, Daschle South Dakota đã viết tổng thống đảng Cộng hòa	4.0
Yahoo chiếm tới 159354 trang web BSD, với 152054 từ NTT  Verio và 129378 từ Infospace, cuộc khảo sát cho thấy	152054 Một là từ IP công ty dịch vụ NTT  Verio, và 129378 từ Giữ toàn quyền, các khảo sát cho thấy	3.0
Nhiệm vụ của Cơ sở Kính viễn vọng Hồng ngoại Không gian là tìm kiếm sự khởi đầu của vũ trụ	NASA đang lên kế hoạch để khởi động các cơ sở Space Telescope hồng ngoại vào sáng thứ Hai	2.5
Nhà sản xuất của nó, MedImmune Inc, có trụ sở tại Gaithersburg, đã thực hiện 4 triệu đến 5 triệu liều trong năm nay	MedImmune Vắc xin, nhà sản xuất của FluMist, thực hiện giữa 4 triệu và 5 triệu liều trong năm nay	3.5
Kaichen xuất hiện hôm thứ tư tại tòa án liên bang với hai tội cướp ngân hàng	Cô xuất hiện tại tòa án liên bang vào hôm thứ tư, nhưng không được đưa vào một lời biện hộ	3.0
Trong buổi tráo vị trí cấp cao nhất mới nhất tại CNN, Teya Ryan sẽ rời khỏi vị trí của mình với tư cách là tổng giám đốc lập trình của Hoa Kỳ, mạng đã thông báo	Trong một động thái mới nhất của CNN để trẻ hóa xếp hạng, mạng đã lật đổ Teya Ryan, tổng giám đốc của chương trình Mỹ cho biết	3.769
Anh ta bị nghi ngờ là nhân vật chủ chốt trong Jemaah Islamiyah, nhóm khủng bố liên kết với alQaeda, người bị quy trách nhiệm cho vụ đánh bom	Samudra, 32 tuổi, đang bị nghi ngờ là một nhân vật chủ chốt trong nhóm khủng bố alQaeda liên kết Jemaah Islamiyah, đã được đổ lỗi cho việc thực hiện các vụ đánh bom	3.4
Khoảng 100 lính cứu hỏa đang ở trong bosque ngày hôm nay, Trưởng phòng Cứu hỏa của Robert Robert Ortega cho biết	Chúng tôi đã giây xa có điều đó xảy ra, Albuquerque cháy trưởng Robert Ortega thông tin	1.8
Vấn đề đã được giải quyết, Chủ tịch Marlins David Samson nói thông qua một phát ngôn viên của câu lạc bộ	Các Marlins chỉ nói Vấn đề này đã được giải quyết	3.0
Bộ Y tế Trung Quốc cho biết thêm năm người đã chết vì Sars và hơn 159 người bị nhiễm bệnh	Hôm thứ Hai, Trung Quốc cho biết hơn chín người đã chết từ SARS và 160 người khác bị nhiễm virus	3.0
Tạp chí y tế đáng kính Lancet đã kêu gọi cấm hoàn toàn thuốc lá ở Anh	Tạp chí y tế UK hàng đầu  đã gọi thứ sáu cho một lệnh cấm hoàn toàn thuốc lá, khiến sự phẫn nộ từ các nhóm hút thuốc lá	3.4
Cổ phiếu của McDonald đã tăng 1,83 đô la, tương đương 8,3%, đóng cửa ở mức cao nhất trong ngày là 23,89 đô la	cổ phiếu McDonald tăng $ 1,83 để đóng thứ sáu tại $ 23,89 trên thị trường chứng khoán của New York	4.25
